{"version": 0.6, "generator": "Overpass API 0.7.62.7 375dc00a", "osm3s": {"timestamp_osm_base": "2025-07-08T18:40:01Z", "copyright": "The data included in this document is from www.openstreetmap.org. The data is made available under ODbL."}, "elements": [{"type": "node", "id": 57458033, "lat": 35.6832393, "lon": 139.7914106, "tags": {"source": "PGS"}}, {"type": "node", "id": 57458036, "lat": 35.6837465, "lon": 139.7917534, "tags": {"source": "PGS"}}, {"type": "node", "id": 57458039, "lat": 35.6845508, "lon": 139.7921099, "tags": {"source": "PGS"}}, {"type": "node", "id": 57458040, "lat": 35.6852751, "lon": 139.7923485, "tags": {"source": "PGS"}}, {"type": "node", "id": 57458042, "lat": 35.6856074, "lon": 139.7923411, "tags": {"source": "PGS"}}, {"type": "node", "id": 57459752, "lat": 35.6800885, "lon": 139.7888383, "tags": {"source": "PGS"}}, {"type": "node", "id": 57459826, "lat": 35.6813814, "lon": 139.7898127, "tags": {"source": "PGS"}}, {"type": "node", "id": 57466887, "lat": 35.6823615, "lon": 139.7906612, "tags": {"created_by": "JOSM", "source": "PGS"}}, {"type": "node", "id": 241821555, "lat": 35.6777552, "lon": 139.7869305}, {"type": "node", "id": 1070862728, "lat": 35.6881634, "lon": 139.7692567}, {"type": "node", "id": 1070862908, "lat": 35.6884558, "lon": 139.7689677}, {"type": "node", "id": 1070863259, "lat": 35.6883252, "lon": 139.7687674}, {"type": "node", "id": 1070863390, "lat": 35.6879323, "lon": 139.7691557}, {"type": "node", "id": 1106211450, "lat": 35.6807442, "lon": 139.7892685}, {"type": "node", "id": 1694326698, "lat": 35.6867633, "lon": 139.7891462}, {"type": "node", "id": 1694326701, "lat": 35.6867708, "lon": 139.7890926}, {"type": "node", "id": 1694326977, "lat": 35.6870822, "lon": 139.7888478}, {"type": "node", "id": 1694327049, "lat": 35.6871806, "lon": 139.7890326}, {"type": "node", "id": 1694327120, "lat": 35.687253, "lon": 139.7887168}, {"type": "node", "id": 1694327132, "lat": 35.6872791, "lon": 139.7871565}, {"type": "node", "id": 1694327142, "lat": 35.6873088, "lon": 139.7903063}, {"type": "node", "id": 1694327166, "lat": 35.6873413, "lon": 139.7871062, "tags": {"barrier": "bollard", "bicycle": "yes", "foot": "yes"}}, {"type": "node", "id": 1694327174, "lat": 35.6873452, "lon": 139.7888951}, {"type": "node", "id": 1694327216, "lat": 35.6874009, "lon": 139.787058}, {"type": "node", "id": 1694327244, "lat": 35.6874271, "lon": 139.7902287}, {"type": "node", "id": 1694327325, "lat": 35.6874905, "lon": 139.7903562}, {"type": "node", "id": 1694327336, "lat": 35.6875042, "lon": 139.7875736}, {"type": "node", "id": 1694327382, "lat": 35.6875211, "lon": 139.7903329}, {"type": "node", "id": 1694327385, "lat": 35.6875529, "lon": 139.7900641}, {"type": "node", "id": 1694327387, "lat": 35.6875548, "lon": 139.7900392}, {"type": "node", "id": 1694327402, "lat": 35.6875567, "lon": 139.7901052}, {"type": "node", "id": 1694327407, "lat": 35.6875636, "lon": 139.7900089}, {"type": "node", "id": 1694327411, "lat": 35.6875659, "lon": 139.7875231, "tags": {"barrier": "bollard", "bicycle": "yes", "foot": "yes"}}, {"type": "node", "id": 1694327416, "lat": 35.6875674, "lon": 139.7901402}, {"type": "node", "id": 1694327419, "lat": 35.6875706, "lon": 139.7904399}, {"type": "node", "id": 1694327422, "lat": 35.6875794, "lon": 139.7899841}, {"type": "node", "id": 1694327433, "lat": 35.6875817, "lon": 139.7877182}, {"type": "node", "id": 1694327453, "lat": 35.6876191, "lon": 139.7900812}, {"type": "node", "id": 1694327470, "lat": 35.6876236, "lon": 139.7900524}, {"type": "node", "id": 1694327471, "lat": 35.6876261, "lon": 139.7901044}, {"type": "node", "id": 1694327473, "lat": 35.6876272, "lon": 139.7874729}, {"type": "node", "id": 1694327474, "lat": 35.6876292, "lon": 139.7899491}, {"type": "node", "id": 1694327479, "lat": 35.6876336, "lon": 139.7900346}, {"type": "node", "id": 1694327483, "lat": 35.6876355, "lon": 139.7902458}, {"type": "node", "id": 1694327486, "lat": 35.6876421, "lon": 139.7876669, "tags": {"barrier": "bollard", "bicycle": "yes", "foot": "yes"}}, {"type": "node", "id": 1694327509, "lat": 35.6876601, "lon": 139.7900159}, {"type": "node", "id": 1694327512, "lat": 35.6876633, "lon": 139.790304}, {"type": "node", "id": 1694327514, "lat": 35.6876816, "lon": 139.790158}, {"type": "node", "id": 1694327519, "lat": 35.6877009, "lon": 139.7876168}, {"type": "node", "id": 1694327549, "lat": 35.6877596, "lon": 139.7901392}, {"type": "node", "id": 1694327595, "lat": 35.6878178, "lon": 139.7881566}, {"type": "node", "id": 1694327616, "lat": 35.6878266, "lon": 139.790204}, {"type": "node", "id": 1694327699, "lat": 35.6878792, "lon": 139.7881046, "tags": {"barrier": "bollard", "bicycle": "yes", "foot": "yes"}}, {"type": "node", "id": 1694327784, "lat": 35.6879359, "lon": 139.7880567}, {"type": "node", "id": 1694327824, "lat": 35.6879732, "lon": 139.7899679}, {"type": "node", "id": 1694328294, "lat": 35.6884246, "lon": 139.7894825}, {"type": "node", "id": 1694328500, "lat": 35.6886235, "lon": 139.7893299}, {"type": "node", "id": 1694328595, "lat": 35.6887706, "lon": 139.7892201}, {"type": "node", "id": 1694328637, "lat": 35.6888739, "lon": 139.7873897}, {"type": "node", "id": 1694328655, "lat": 35.6889311, "lon": 139.7873601}, {"type": "node", "id": 1694329142, "lat": 35.6897415, "lon": 139.7886099}, {"type": "node", "id": 1801268428, "lat": 35.6774923, "lon": 139.7869831}, {"type": "node", "id": 1801268441, "lat": 35.6775492, "lon": 139.7871988}, {"type": "node", "id": 1801268450, "lat": 35.6774918, "lon": 139.787083}, {"type": "node", "id": 1801268461, "lat": 35.6775387, "lon": 139.7868685}, {"type": "node", "id": 1891830399, "lat": 35.6862978, "lon": 139.7862269}, {"type": "node", "id": 1891830400, "lat": 35.6864155, "lon": 139.7861518}, {"type": "node", "id": 1891830401, "lat": 35.6851859, "lon": 139.7869438}, {"type": "node", "id": 1891830402, "lat": 35.6851544, "lon": 139.7868781}, {"type": "node", "id": 1891830405, "lat": 35.6865582, "lon": 139.7860579}, {"type": "node", "id": 1891830406, "lat": 35.6861815, "lon": 139.7861767}, {"type": "node", "id": 1891830408, "lat": 35.6863166, "lon": 139.7860841}, {"type": "node", "id": 1891830409, "lat": 35.6864993, "lon": 139.7859573}, {"type": "node", "id": 1892458554, "lat": 35.6830324, "lon": 139.7880274}, {"type": "node", "id": 1892458586, "lat": 35.6829594, "lon": 139.7878879}, {"type": "node", "id": 1892481617, "lat": 35.6872653, "lon": 139.785195}, {"type": "node", "id": 1892481619, "lat": 35.6868225, "lon": 139.7857006}, {"type": "node", "id": 1892481620, "lat": 35.686859, "lon": 139.785667}, {"type": "node", "id": 1892481632, "lat": 35.6873443, "lon": 139.7852983}, {"type": "node", "id": 1892481636, "lat": 35.6866629, "lon": 139.7858145}, {"type": "node", "id": 1892481638, "lat": 35.686725, "lon": 139.7859232}, {"type": "node", "id": 1892481639, "lat": 35.6868993, "lon": 139.7857502}, {"type": "node", "id": 1982403458, "lat": 35.6839377, "lon": 139.7728214}, {"type": "node", "id": 1982403459, "lat": 35.6839488, "lon": 139.7727712}, {"type": "node", "id": 1982403464, "lat": 35.6840655, "lon": 139.7729043}, {"type": "node", "id": 1982403465, "lat": 35.6840848, "lon": 139.7728167}, {"type": "node", "id": 1997017675, "lat": 35.6795447, "lon": 139.7773754}, {"type": "node", "id": 1997017677, "lat": 35.6795741, "lon": 139.7772978}, {"type": "node", "id": 1997017683, "lat": 35.6798717, "lon": 139.7764582}, {"type": "node", "id": 1997017685, "lat": 35.6799389, "lon": 139.7776299}, {"type": "node", "id": 1997017691, "lat": 35.6803081, "lon": 139.7767306}, {"type": "node", "id": 1997017697, "lat": 35.6795357, "lon": 139.7772738}, {"type": "node", "id": 2130007074, "lat": 35.6838224, "lon": 139.77421}, {"type": "node", "id": 2375801732, "lat": 35.6905802, "lon": 139.7747676}, {"type": "node", "id": 2375801734, "lat": 35.6906134, "lon": 139.7748645}, {"type": "node", "id": 2375801738, "lat": 35.6906787, "lon": 139.7748398}, {"type": "node", "id": 2375801740, "lat": 35.6907038, "lon": 139.7749107}, {"type": "node", "id": 2375801744, "lat": 35.6907661, "lon": 139.7746806}, {"type": "node", "id": 2375801745, "lat": 35.6908291, "lon": 139.7748579}, {"type": "node", "id": 3677243157, "lat": 35.6866788, "lon": 139.7789496}, {"type": "node", "id": 3677243160, "lat": 35.6869028, "lon": 139.7790645}, {"type": "node", "id": 3677243164, "lat": 35.6863984, "lon": 139.7796042}, {"type": "node", "id": 3677243174, "lat": 35.6867307, "lon": 139.7791304}, {"type": "node", "id": 3677243178, "lat": 35.6863144, "lon": 139.7793115}, {"type": "node", "id": 3677243182, "lat": 35.6872156, "lon": 139.7789284}, {"type": "node", "id": 3677243185, "lat": 35.6868486, "lon": 139.7788757}, {"type": "node", "id": 3677243189, "lat": 35.6872973, "lon": 139.779213}, {"type": "node", "id": 3977436334, "lat": 35.6908516, "lon": 139.7776312}, {"type": "node", "id": 3977436337, "lat": 35.6912386, "lon": 139.777329}, {"type": "node", "id": 3977436343, "lat": 35.6913796, "lon": 139.7776657}, {"type": "node", "id": 3977436349, "lat": 35.6910003, "lon": 139.7779068}, {"type": "node", "id": 4473477612, "lat": 35.6774869, "lon": 139.7870401}, {"type": "node", "id": 4473477613, "lat": 35.6775049, "lon": 139.7869261}, {"type": "node", "id": 4473477614, "lat": 35.6775131, "lon": 139.787136}, {"type": "node", "id": 4473477615, "lat": 35.6775313, "lon": 139.7868665}, {"type": "node", "id": 4473477624, "lat": 35.6777073, "lon": 139.7870435}, {"type": "node", "id": 4473477675, "lat": 35.6788978, "lon": 139.7878253}, {"type": "node", "id": 4473477991, "lat": 35.6789927, "lon": 139.7879091}, {"type": "node", "id": 4473477995, "lat": 35.6790897, "lon": 139.7880546}, {"type": "node", "id": 4473477998, "lat": 35.6790282, "lon": 139.7879602}, {"type": "node", "id": 4473478006, "lat": 35.6791511, "lon": 139.7882357}, {"type": "node", "id": 4473478037, "lat": 35.6794149, "lon": 139.7884032}, {"type": "node", "id": 4474432935, "lat": 35.6775793, "lon": 139.7867896}, {"type": "node", "id": 4474432936, "lat": 35.677609, "lon": 139.7868124}, {"type": "node", "id": 4474432942, "lat": 35.6776526, "lon": 139.7868439}, {"type": "node", "id": 4474432974, "lat": 35.678273, "lon": 139.7874221}, {"type": "node", "id": 4474433405, "lat": 35.6791691, "lon": 139.7881025}, {"type": "node", "id": 4474433406, "lat": 35.6792333, "lon": 139.7881474}, {"type": "node", "id": 5016435747, "lat": 35.6949223, "lon": 139.7878236}, {"type": "node", "id": 5016435748, "lat": 35.6946276, "lon": 139.7877504}, {"type": "node", "id": 5016435749, "lat": 35.69457, "lon": 139.7879973}, {"type": "node", "id": 5016435750, "lat": 35.6946209, "lon": 139.7880044}, {"type": "node", "id": 5016435751, "lat": 35.6946756, "lon": 139.7880032}, {"type": "node", "id": 5016435752, "lat": 35.6947226, "lon": 139.7879962}, {"type": "node", "id": 5016435753, "lat": 35.694809, "lon": 139.7879572}, {"type": "node", "id": 5016435754, "lat": 35.6948724, "lon": 139.7879063}, {"type": "node", "id": 5016435755, "lat": 35.6949069, "lon": 139.7878555}, {"type": "node", "id": 5318217923, "lat": 35.6832607, "lon": 139.7868115}, {"type": "node", "id": 5318217924, "lat": 35.6827564, "lon": 139.7872186}, {"type": "node", "id": 5318217926, "lat": 35.6828474, "lon": 139.7873875}, {"type": "node", "id": 5318217929, "lat": 35.6833572, "lon": 139.7877712}, {"type": "node", "id": 5318217933, "lat": 35.6832583, "lon": 139.7874749}, {"type": "node", "id": 5318217935, "lat": 35.6830711, "lon": 139.7877931}, {"type": "node", "id": 5318232358, "lat": 35.6812443, "lon": 139.7848226}, {"type": "node", "id": 5318232359, "lat": 35.6809625, "lon": 139.7841959}, {"type": "node", "id": 5318232360, "lat": 35.6805949, "lon": 139.7844426}, {"type": "node", "id": 5318232361, "lat": 35.6808594, "lon": 139.7850658}, {"type": "node", "id": 5318804767, "lat": 35.6838656, "lon": 139.7742901}, {"type": "node", "id": 5415071020, "lat": 35.67906, "lon": 139.788016}, {"type": "node", "id": 5415072221, "lat": 35.6790442, "lon": 139.7879818}, {"type": "node", "id": 5415072230, "lat": 35.6807015, "lon": 139.7889818}, {"type": "node", "id": 5415072231, "lat": 35.6811658, "lon": 139.789457}, {"type": "node", "id": 5415072232, "lat": 35.6809713, "lon": 139.7892947}, {"type": "node", "id": 5415072233, "lat": 35.6809419, "lon": 139.7892612}, {"type": "node", "id": 5415072235, "lat": 35.6808874, "lon": 139.789158}, {"type": "node", "id": 5415072236, "lat": 35.6808035, "lon": 139.7890527}, {"type": "node", "id": 5415072237, "lat": 35.6806527, "lon": 139.7889481}, {"type": "node", "id": 5415072239, "lat": 35.6799076, "lon": 139.7884706}, {"type": "node", "id": 5415072240, "lat": 35.6797, "lon": 139.7883479}, {"type": "node", "id": 5415072241, "lat": 35.6796772, "lon": 139.7883379}, {"type": "node", "id": 5415072243, "lat": 35.6795078, "lon": 139.7883144}, {"type": "node", "id": 5659194471, "lat": 35.6801002, "lon": 139.777235}, {"type": "node", "id": 5690603251, "lat": 35.6797071, "lon": 139.7863844}, {"type": "node", "id": 5690603252, "lat": 35.6800491, "lon": 139.7859754}, {"type": "node", "id": 5690603253, "lat": 35.6795676, "lon": 139.7854537}, {"type": "node", "id": 5690603254, "lat": 35.6795219, "lon": 139.7855087}, {"type": "node", "id": 5690603255, "lat": 35.679609, "lon": 139.7856093}, {"type": "node", "id": 5690603256, "lat": 35.6793432, "lon": 139.7859861}, {"type": "node", "id": 5787794743, "lat": 35.6843598, "lon": 139.7907056}, {"type": "node", "id": 5787794744, "lat": 35.6838614, "lon": 139.7900776}, {"type": "node", "id": 5787794746, "lat": 35.684212, "lon": 139.7908954}, {"type": "node", "id": 5844246911, "lat": 35.6884714, "lon": 139.7839926}, {"type": "node", "id": 5844246912, "lat": 35.6885128, "lon": 139.7840663}, {"type": "node", "id": 5844246913, "lat": 35.6885344, "lon": 139.7840487}, {"type": "node", "id": 5844246914, "lat": 35.68859, "lon": 139.7841436}, {"type": "node", "id": 5844246915, "lat": 35.6881696, "lon": 139.7845455}, {"type": "node", "id": 5844246916, "lat": 35.6881351, "lon": 139.7844872}, {"type": "node", "id": 5844246917, "lat": 35.6880004, "lon": 139.784619}, {"type": "node", "id": 5844246918, "lat": 35.687971, "lon": 139.7845691}, {"type": "node", "id": 5844246919, "lat": 35.6884736, "lon": 139.7841037}, {"type": "node", "id": 5844246920, "lat": 35.6884321, "lon": 139.7840293}, {"type": "node", "id": 5863869706, "lat": 35.6879592, "lon": 139.7698371}, {"type": "node", "id": 5863869707, "lat": 35.6880536, "lon": 139.7701297}, {"type": "node", "id": 5863869708, "lat": 35.6883386, "lon": 139.7699872}, {"type": "node", "id": 5863869709, "lat": 35.6883962, "lon": 139.7701612}, {"type": "node", "id": 5863869710, "lat": 35.6885003, "lon": 139.7701109}, {"type": "node", "id": 5863869711, "lat": 35.6884796, "lon": 139.7700414}, {"type": "node", "id": 5863869712, "lat": 35.688339, "lon": 139.7699854}, {"type": "node", "id": 6871946256, "lat": 35.6789074, "lon": 139.78783}, {"type": "node", "id": 6871946257, "lat": 35.6821403, "lon": 139.7903068}, {"type": "node", "id": 6871946258, "lat": 35.6826937, "lon": 139.7908016}, {"type": "node", "id": 6871946259, "lat": 35.6828038, "lon": 139.7907401}, {"type": "node", "id": 6871946260, "lat": 35.6833046, "lon": 139.7912316}, {"type": "node", "id": 6871946261, "lat": 35.6837487, "lon": 139.7915359}, {"type": "node", "id": 6871946262, "lat": 35.6842676, "lon": 139.7918314}, {"type": "node", "id": 6871946263, "lat": 35.6847736, "lon": 139.7919642}, {"type": "node", "id": 6871946264, "lat": 35.6848699, "lon": 139.7917925}, {"type": "node", "id": 6871946265, "lat": 35.6852421, "lon": 139.7920473}, {"type": "node", "id": 6871946266, "lat": 35.6855986, "lon": 139.7921836}, {"type": "node", "id": 6871946267, "lat": 35.6830416, "lon": 139.7910258}, {"type": "node", "id": 6871946268, "lat": 35.6838483, "lon": 139.7740779}, {"type": "node", "id": 6871946270, "lat": 35.6836837, "lon": 139.7741964}, {"type": "node", "id": 6871946271, "lat": 35.6836429, "lon": 139.774174}, {"type": "node", "id": 6871946272, "lat": 35.683634, "lon": 139.7741501}, {"type": "node", "id": 6871946273, "lat": 35.6836651, "lon": 139.7740123}, {"type": "node", "id": 6871946274, "lat": 35.6844096, "lon": 139.7743323}, {"type": "node", "id": 6871946275, "lat": 35.6844062, "lon": 139.7743472}, {"type": "node", "id": 6871946280, "lat": 35.6845034, "lon": 139.7744164}, {"type": "node", "id": 6871946281, "lat": 35.6845209, "lon": 139.7743604}, {"type": "node", "id": 6871946282, "lat": 35.6844607, "lon": 139.7743462}, {"type": "node", "id": 6871947185, "lat": 35.681911, "lon": 139.779402}, {"type": "node", "id": 6871947186, "lat": 35.6818309, "lon": 139.779501}, {"type": "node", "id": 6871947187, "lat": 35.6819757, "lon": 139.779678}, {"type": "node", "id": 6871947188, "lat": 35.6820183, "lon": 139.7796372}, {"type": "node", "id": 6871947189, "lat": 35.6820621, "lon": 139.7797265}, {"type": "node", "id": 6871947190, "lat": 35.6820949, "lon": 139.7796981}, {"type": "node", "id": 6871947191, "lat": 35.6820827, "lon": 139.7796581}, {"type": "node", "id": 6882357004, "lat": 35.6893742, "lon": 139.788751}, {"type": "node", "id": 6882357005, "lat": 35.6895502, "lon": 139.7886533}, {"type": "node", "id": 6882357006, "lat": 35.6896437, "lon": 139.7886249}, {"type": "node", "id": 7368034679, "lat": 35.68387, "lon": 139.7742556}, {"type": "node", "id": 7368034680, "lat": 35.6838041, "lon": 139.7742583}, {"type": "node", "id": 7368034681, "lat": 35.6837494, "lon": 139.7742325}, {"type": "node", "id": 7368123723, "lat": 35.6843926, "lon": 139.7744061}, {"type": "node", "id": 7368123724, "lat": 35.6844855, "lon": 139.7744249}, {"type": "node", "id": 7635896509, "lat": 35.6851495, "lon": 139.7919839}, {"type": "node", "id": 7677114016, "lat": 35.6817545, "lon": 139.7901357}, {"type": "node", "id": 7677114017, "lat": 35.6819799, "lon": 139.7903309}, {"type": "node", "id": 7677114043, "lat": 35.6820711, "lon": 139.7904098}, {"type": "node", "id": 7949904652, "lat": 35.6778408, "lon": 139.7871328}, {"type": "node", "id": 8035934762, "lat": 35.679607, "lon": 139.7771007}, {"type": "node", "id": 8035934763, "lat": 35.6796386, "lon": 139.777436}, {"type": "node", "id": 9659985991, "lat": 35.6839554, "lon": 139.7728675}, {"type": "node", "id": 9706796125, "lat": 35.6802612, "lon": 139.7768444}, {"type": "node", "id": 9921331595, "lat": 35.6848578, "lon": 139.7917056}, {"type": "node", "id": 9921331596, "lat": 35.685003, "lon": 139.7915323}, {"type": "node", "id": 9921331597, "lat": 35.6844103, "lon": 139.7907791}, {"type": "node", "id": 9921331598, "lat": 35.684265, "lon": 139.7909523}, {"type": "node", "id": 9921331603, "lat": 35.6837085, "lon": 139.7902618}, {"type": "node", "id": 11047808409, "lat": 35.6932168, "lon": 139.7796884}, {"type": "node", "id": 11047808410, "lat": 35.6930431, "lon": 139.7798762}, {"type": "node", "id": 11047808411, "lat": 35.6931253, "lon": 139.7799928}, {"type": "node", "id": 11047808412, "lat": 35.6932991, "lon": 139.7797944}, {"type": "node", "id": 11927179370, "lat": 35.6873053, "lon": 139.7746984, "tags": {"leisure": "park", "wheelchair": "yes"}}, {"type": "node", "id": 12723832929, "lat": 35.6835044, "lon": 139.7872804}, {"type": "node", "id": 12723832930, "lat": 35.6833242, "lon": 139.7877116}, {"type": "node", "id": 12723832931, "lat": 35.6833645, "lon": 139.7876795}, {"type": "node", "id": 12723832932, "lat": 35.683489, "lon": 139.7872933}, {"type": "node", "id": 12723832940, "lat": 35.6832855, "lon": 139.7874535}, {"type": "node", "id": 12806158883, "lat": 35.6910425, "lon": 139.777874}, {"type": "node", "id": 12806158884, "lat": 35.6910717, "lon": 139.7779259}, {"type": "node", "id": 12964468915, "lat": 35.6956296, "lon": 139.7850088}, {"type": "node", "id": 12964468916, "lat": 35.6956302, "lon": 139.7850435}, {"type": "node", "id": 12964468917, "lat": 35.6956387, "lon": 139.7850802}, {"type": "node", "id": 12964468918, "lat": 35.6956565, "lon": 139.7851147}, {"type": "node", "id": 12964468919, "lat": 35.695681, "lon": 139.7851386}, {"type": "node", "id": 12964468920, "lat": 35.6957695, "lon": 139.7851835}, {"type": "node", "id": 12964468921, "lat": 35.6958309, "lon": 139.7850001}, {"type": "node", "id": 12964468922, "lat": 35.6956613, "lon": 139.7849141}, {"type": "way", "id": 92243908, "nodes": [1070863259, 1070862908, 1070862728, 1070863390, 1070863259], "tags": {"leisure": "park"}}, {"type": "way", "id": 157214547, "nodes": [1694328637, 1694328655, 1694329142, 6882357006, 6882357005, 6882357004, 1694328595, 1694328500, 1694328294, 1694327824, 1694327616, 1694327549, 1694327514, 1694327471, 1694327453, 1694327470, 1694327479, 1694327509, 1694327474, 1694327422, 1694327407, 1694327387, 1694327385, 1694327402, 1694327416, 1694327483, 1694327512, 1694327419, 1694327382, 1694327325, 1694327244, 1694327142, 1694326698, 1694326701, 1694326977, 1694327049, 1694327174, 1694327120, 1694328637], "tags": {"leisure": "park", "name": "\u6d5c\u753a\u516c\u5712", "name:en": "Hamacho Park", "name:es": "Parque Hamacho", "source": "bing", "wikidata": "Q11558030", "wikimedia_commons": "Category:Hamacho Park", "wikipedia": "ja:\u6d5c\u753a\u516c\u5712"}}, {"type": "way", "id": 157214568, "nodes": [1694327216, 1694327166, 1694327132, 1694327336, 1694327411, 1694327473, 1694327216], "tags": {"leisure": "park", "source": "bing"}}, {"type": "way", "id": 157214569, "nodes": [1694327519, 1694327486, 1694327433, 1694327595, 1694327699, 1694327784, 1694327519], "tags": {"leisure": "park", "source": "bing"}}, {"type": "way", "id": 178828602, "nodes": [1891830402, 1891830401, 1891830399, 1891830400, 1891830405, 1891830409, 1891830408, 1891830406, 1891830402], "tags": {"leisure": "park"}}, {"type": "way", "id": 178895822, "nodes": [1892481617, 1892481632, 1892481639, 1892481638, 1892481636, 1892481619, 1892481620, 1892481617], "tags": {"leisure": "park", "source": "Bing 2010"}}, {"type": "way", "id": 187598496, "nodes": [1982403465, 1982403464, 9659985991, 1982403458, 1982403459, 1982403465], "tags": {"leisure": "park"}}, {"type": "way", "id": 189056890, "nodes": [1997017685, 5659194471, 9706796125, 1997017691, 1997017683, 8035934762, 1997017697, 1997017677, 1997017675, 8035934763, 1997017685], "tags": {"leisure": "park", "name": "\u5742\u672c\u753a\u516c\u5712", "name:en": "Sakamotocho Park", "name:es": "Parque Sakamotocho", "name:ja_rm": "Sakamotoch\u014d K\u014den", "source": "Bing 2010", "start_date": "1889"}}, {"type": "way", "id": 228930885, "nodes": [2375801744, 2375801732, 2375801734, 2375801738, 2375801740, 2375801745, 2375801744], "tags": {"leisure": "park", "source": "Bing"}}, {"type": "way", "id": 363557707, "nodes": [3677243182, 3677243160, 3677243185, 3677243157, 3677243174, 3677243178, 3677243164, 3677243189, 3677243182], "tags": {"leisure": "park", "name": "\u5800\u7559\u5150\u7ae5\u516c\u5712", "name:en": "Horidome Children's Playground"}}, {"type": "way", "id": 394778224, "nodes": [3977436337, 3977436343, 12806158884, 12806158883, 3977436349, 3977436334, 3977436337], "tags": {"leisure": "park", "name": "\u5341\u601d\u516c\u5712", "name:en": "Jisshi Park", "name:es": "Parque Jisshi"}}, {"type": "way", "id": 513097037, "nodes": [5016435747, 5016435748, 5016435749, 5016435750, 5016435751, 5016435752, 5016435753, 5016435754, 5016435755, 5016435747], "tags": {"leisure": "park"}}, {"type": "way", "id": 550621357, "nodes": [5318217933, 12723832931, 12723832930, 5318217929, 1892458554, 1892458586, 5318217935, 5318217926, 5318217924, 5318217923, 12723832929, 12723832932, 12723832940, 5318217933], "tags": {"leisure": "park", "name": "\u86ce\u6bbb\u753a\u516c\u5712", "name:en": "Kakikarach\u014d Park", "name:es": "Parque Kakikarach\u014d", "name:ja": "\u86ce\u6bbb\u753a\u516c\u5712", "wikidata": "Q42311550", "wikipedia": "ja:\u86ce\u6bbb\u753a\u516c\u5712"}}, {"type": "way", "id": 550623451, "nodes": [5318232358, 5318232359, 5318232360, 5318232361, 5318232358], "tags": {"description": "\u30c8\u30a4\u30ec\u3042\u308a", "leisure": "park", "name": "\u7bb1\u5d0e\u5ddd\u7b2c\u4e8c\u516c\u5712"}}, {"type": "way", "id": 597773239, "nodes": [5690603251, 5690603252, 5690603253, 5690603254, 5690603255, 5690603256, 5690603251], "tags": {"leisure": "park", "name": "\u7bb1\u5d0e\u516c\u5712", "name:en": "Hakozaki Park", "name:es": "Parque Hakozaki"}}, {"type": "way", "id": 611278087, "nodes": [5787794743, 5787794744, 9921331603, 5787794746, 5787794743], "tags": {"access": "yes", "covered": "yes", "leisure": "park", "name": "\u3042\u3084\u3081\u7b2c\u4e00\u516c\u5712", "name:en": "Ayame Park 1", "name:ja-Hira": "\u3042\u3084\u3081\u3060\u3044\u3044\u3061\u3053\u3046\u3048\u3093", "name:ja-Latn": "Ayame Daiichi K\u014den", "opening_hours": "24/7", "operator": "\u4e2d\u592e\u533a", "smoking": "no", "surface": "asphalt"}}, {"type": "way", "id": 618297305, "nodes": [5844246911, 5844246912, 5844246913, 5844246914, 5844246915, 5844246916, 5844246917, 5844246918, 5844246919, 5844246920, 5844246911], "tags": {"leisure": "park"}}, {"type": "way", "id": 620668559, "nodes": [5863869706, 5863869707, 5863869708, 5863869709, 5863869710, 5863869711, 5863869712, 5863869706], "tags": {"leisure": "park", "name": "\u5e38\u76e4\u516c\u5712"}}, {"type": "way", "id": 733718618, "nodes": [57458042, 57458040, 57458039, 57458036, 57458033, 57466887, 7677114043, 7677114017, 7677114016, 57459826, 1106211450, 57459752, 4473478037, 4473478006, 1801268441, 4473477614, 1801268450, 4473477612, 1801268428, 4473477613, 4473477615, 1801268461, 4474432935, 4474432936, 4474432942, 241821555, 4473477624, 7949904652, 4474432974, 4473477675, 6871946256, 4473477991, 4473477998, 5415072221, 5415071020, 4473477995, 4474433405, 4474433406, 5415072243, 5415072241, 5415072240, 5415072239, 5415072237, 5415072230, 5415072236, 5415072235, 5415072233, 5415072232, 5415072231, 6871946257, 6871946258, 6871946259, 6871946267, 6871946260, 6871946261, 6871946262, 6871946263, 6871946264, 7635896509, 6871946265, 6871946266, 57458042], "tags": {"leisure": "park", "name:en": "Nakasu Park", "name:ja-Hira": "\u306a\u304b\u3059\u3053\u3046\u3048\u3093", "name:ja-Latn": "Nakasu K\u014den"}}, {"type": "way", "id": 733718619, "nodes": [7368034680, 7368034681, 6871946270, 6871946271, 6871946272, 6871946273, 6871946268, 2130007074, 7368034679, 5318804767, 7368034680], "tags": {"leisure": "park", "name": "\u82b1\u306e\u5e83\u5834"}}, {"type": "way", "id": 733718620, "nodes": [7368123723, 7368123724, 6871946280, 6871946281, 6871946282, 6871946274, 6871946275, 7368123723], "tags": {"leisure": "park", "name": "\u5143\u6a19\u306e\u5e83\u5834", "wheelchair": "yes"}}, {"type": "way", "id": 733718622, "nodes": [6871947185, 6871947186, 6871947187, 6871947188, 6871947189, 6871947190, 6871947191, 6871947185], "tags": {"leisure": "park", "name": "\u5e83\u5834"}}, {"type": "way", "id": 1082560794, "nodes": [9921331598, 9921331597, 9921331596, 9921331595, 9921331598], "tags": {"access": "yes", "covered": "yes", "leisure": "park", "name": "\u3042\u3084\u3081\u7b2c\u4e8c\u516c\u5712", "name:en": "Ayame Park 2", "name:ja-Hira": "\u3042\u3084\u3081\u3060\u3044\u306b\u3053\u3046\u3048\u3093", "name:ja-Latn": "Ayame Daini K\u014den", "opening_hours": "24/7", "operator": "\u4e2d\u592e\u533a", "smoking": "no", "surface": "asphalt"}}, {"type": "way", "id": 1189804223, "nodes": [11047808412, 11047808411, 11047808410, 11047808409, 11047808412], "tags": {"leisure": "park"}}, {"type": "way", "id": 1410912214, "nodes": [12964468915, 12964468916, 12964468917, 12964468918, 12964468919, 12964468920, 12964468921, 12964468922, 12964468915], "tags": {"leisure": "park"}}]}