[{"place_id": 247117773, "licence": "Data \u00a9 OpenStreetMap contributors, ODbL 1.0. http://osm.org/copyright", "osm_type": "node", "osm_id": 4473477607, "lat": "35.6787645", "lon": "139.7872199", "class": "office", "type": "company", "place_rank": 30, "importance": 0.4127654181507175, "addresstype": "office", "name": "IBM Japan, Ltd.", "display_name": "IBM Japan, Ltd., 21, Nihonbashi hakozaki cho, Ch\u016b\u014d, Tokyo, 103-8510, Japan", "boundingbox": ["35.6787145", "35.6788145", "139.7871699", "139.7872699"], "geojson": {"type": "Point", "coordinates": [139.7872199, 35.6787645]}}]